id,name,city,favorites
1,Liaison Shoes Division,Garretthaven,51839
2,mobile Beauty Sri,New Elissamouth,18615
3,Buckinghamshire Bedfordshire Cambridgeshire,Tristonmouth,58176
4,task-force Sol Identity,East Judd,9651
5,Buckinghamshire New pink,North Alexaberg,9460
6,Technician Computers overriding,Gustfurt,62619
7,state Wyoming Small,Port Rupertville,60516
8,backing Cambridgeshire deposit,Port Freddie,57182
9,Implemented parsing connecting,West Wilsonton,93878
10,web-enabled Brand navigating,Evelynland,75471
11,SSL Optional hacking,Estherview,14256
12,overriding zero back-end,Domenicport,14559
13,RAM Unbranded drive,Bergnaumland,33130
14,Steel Music Legacy,Lake Allenland,42708
15,application Chicken Practical,Kleinton,85072
16,Yen Kansas Frozen,West Zackarytown,13751
17,pink generate strategize,Luettgenfurt,29221
18,deposit Solutions Investor,Mozellmouth,23915
19,synthesizing Implemented Technician,East Annalisehaven,88138
20,generating attitude Electronics,Jomouth,22224
21,technologies and next-generation,New Glennie,3654
22,success neural knowledge,New Lomashire,29814
23,generating engineer system-worthy,Doyleton,60570
24,Dollar frame Buckinghamshire,Riceborough,84231
25,Response Grocery bluetooth,Saraifurt,3110
26,up Assurance HDD,Edwardoberg,22959
27,Movies Synergistic Metal,Tobinstad,15288
28,Automotive Granite input,South Joana,7786
29,eyeballs reboot reintermediate,Hansenshire,86369
30,index Bedfordshire envisioneer,Howemouth,59848
31,sky indexing extranet,Lednerburgh,69531
32,Account background static,Lake Dwight,77473
33,Dalasi Inlet digital,North Kaylin,23877
34,Pizza Books out-of-the-box,East Lavon,82060
35,generation Hong lime,Kuhicland,7104
36,Unbranded Strategist Orchestrator,Towneville,63971
37,Loop ability Networked,Port Jevonchester,71319
38,paradigm Concrete Tennessee,Carterberg,29843
39,Handmade utilisation connect,Port Ansel,55500
40,calculating up Investment,Lake Maia,89098
41,Skyway Generic Outdoors,South Richmondhaven,24822
42,Avon cross-platform solution,North Bernice,86941
43,withdrawal override paradigms,West Nataliehaven,92526
44,Corporate Luxembourg Licensed,Mozelleburgh,92819
45,Cambridgeshire Maine intangible,Rafaelachester,41595
46,Eritrea Plastic Cotton,South Harrychester,45738
47,Pound SCSI Diverse,Port Chanceton,71898
48,Developer Concrete auxiliary,Holdenfurt,28695
49,silver PCI Tuna,New Theresiahaven,22323
50,6th Buckinghamshire line,Rohanville,60705
51,e-business efficient Cambridgeshire,Rosiebury,59581
52,Lodge Industrial Strategist,Rickeyburgh,3355
53,structure Fresh virtual,New Federicochester,83973
54,SDD Tasty Sheqel,Connfort,95029
55,HTTP Cambridgeshire exploit,North Elodychester,6173
56,Automotive Fantastic Lari,West David,10796
57,Chips Jewelery online,Willmsmouth,71084
58,Soft matrix metrics,West Rorychester,5074
59,IB Points Chief,North Scotty,87507
60,payment neural-net Corporate,Melyssaside,66641
61,Lights Bike salmon,North Rosaborough,5494
62,metrics improvement target,Lake Addisonport,97397
63,Pizza turquoise Soap,Lake Elianfurt,48045
64,orange Shirt systems,Antwanside,86688
65,parsing 24/7 disintermediate,South Marcoston,48354
66,Missouri Legacy Squares,Greenholtbury,56320
67,Frozen Strategist calculate,North Declanhaven,44942
68,Metal European Dollar,South Virginieborough,8378
69,Customizable Fish override,East Jamaaltown,7156
70,Executive Account object-oriented,West Jacquesland,80768
71,empower Buckinghamshire e-business,Lake Fredberg,42987
72,invoice Bahamas back-end,East Marinamouth,10728
73,Granite internet teal,Keelingfort,5340
74,Chair Forward user-facing,Larueburgh,24387
75,Small experiences program,Leschmouth,53346
76,deposit communities Computers,Matteoburgh,57798
77,Avon Som Krona,Jazlynville,83432
78,Vermont Palladium project,Gislasonmouth,71603
79,deliverables Cambridgeshire Frozen,Lake Briceville,3562
80,Administrator embrace deposit,East Orvalfort,36320
81,bypassing application Licensed,Lethaville,15282
82,withdrawal Loan HDD,East Benburgh,81800
83,collaborative Metal Market,North Juanitaborough,79269
84,Berkshire Handcrafted Island,North Eloisa,99240
85,New Frozen Practical,North Raina,64083
86,override Global optical,Abshireville,84266
87,Adaptive Missouri Fuerte,New Fredericmouth,54891
88,Florida Shoes focus,Staceytown,69253
89,Personal Granite Nevada,Port Arvilla,40422
90,users Personal composite,Stromanfurt,73043
91,sensor Money Unbranded,North Camilla,1156
92,FTP Savings copy,New Caylahaven,29123
93,firewall TCP Inlet,Walterstad,85524
94,regional Managed override,Cathrynton,51754
95,innovate alarm best-of-breed,East Parker,37775
96,Unbranded Metal Credit,Collierberg,23294
97,synthesize mission-critical impactful,North Betsy,4417
98,port circuit Somalia,Jacetown,30223
99,Rupiah moderator Granite,Hansenfort,59010
100,Gorgeous Cambridgeshire Usability,Rudyborough,65256