propId,photo
1,http://placeimg.com/640/480/city
1,http://placeimg.com/640/480/city
1,http://placeimg.com/640/480/city
1,http://placeimg.com/640/480/city
1,http://placeimg.com/640/480/city
1,http://placeimg.com/640/480/city
2,http://placeimg.com/640/480/city
2,http://placeimg.com/640/480/city
2,http://placeimg.com/640/480/city
2,http://placeimg.com/640/480/city
2,http://placeimg.com/640/480/city
2,http://placeimg.com/640/480/city
3,http://placeimg.com/640/480/city
3,http://placeimg.com/640/480/city
3,http://placeimg.com/640/480/city
3,http://placeimg.com/640/480/city
3,http://placeimg.com/640/480/city
3,http://placeimg.com/640/480/city
4,http://placeimg.com/640/480/city
4,http://placeimg.com/640/480/city
4,http://placeimg.com/640/480/city
4,http://placeimg.com/640/480/city
4,http://placeimg.com/640/480/city
4,http://placeimg.com/640/480/city
5,http://placeimg.com/640/480/city
5,http://placeimg.com/640/480/city
5,http://placeimg.com/640/480/city
5,http://placeimg.com/640/480/city
5,http://placeimg.com/640/480/city
5,http://placeimg.com/640/480/city
6,http://placeimg.com/640/480/city
6,http://placeimg.com/640/480/city
6,http://placeimg.com/640/480/city
6,http://placeimg.com/640/480/city
6,http://placeimg.com/640/480/city
6,http://placeimg.com/640/480/city
7,http://placeimg.com/640/480/city
7,http://placeimg.com/640/480/city
7,http://placeimg.com/640/480/city
7,http://placeimg.com/640/480/city
7,http://placeimg.com/640/480/city
7,http://placeimg.com/640/480/city
8,http://placeimg.com/640/480/city
8,http://placeimg.com/640/480/city
8,http://placeimg.com/640/480/city
8,http://placeimg.com/640/480/city
8,http://placeimg.com/640/480/city
8,http://placeimg.com/640/480/city
9,http://placeimg.com/640/480/city
9,http://placeimg.com/640/480/city
9,http://placeimg.com/640/480/city
9,http://placeimg.com/640/480/city
9,http://placeimg.com/640/480/city
9,http://placeimg.com/640/480/city
10,http://placeimg.com/640/480/city
10,http://placeimg.com/640/480/city
10,http://placeimg.com/640/480/city
10,http://placeimg.com/640/480/city
10,http://placeimg.com/640/480/city
10,http://placeimg.com/640/480/city
11,http://placeimg.com/640/480/city
11,http://placeimg.com/640/480/city
11,http://placeimg.com/640/480/city
11,http://placeimg.com/640/480/city
11,http://placeimg.com/640/480/city
11,http://placeimg.com/640/480/city
12,http://placeimg.com/640/480/city
12,http://placeimg.com/640/480/city
12,http://placeimg.com/640/480/city
12,http://placeimg.com/640/480/city
12,http://placeimg.com/640/480/city
12,http://placeimg.com/640/480/city
13,http://placeimg.com/640/480/city
13,http://placeimg.com/640/480/city
13,http://placeimg.com/640/480/city
13,http://placeimg.com/640/480/city
13,http://placeimg.com/640/480/city
13,http://placeimg.com/640/480/city
14,http://placeimg.com/640/480/city
14,http://placeimg.com/640/480/city
14,http://placeimg.com/640/480/city
14,http://placeimg.com/640/480/city
14,http://placeimg.com/640/480/city
14,http://placeimg.com/640/480/city
15,http://placeimg.com/640/480/city
15,http://placeimg.com/640/480/city
15,http://placeimg.com/640/480/city
15,http://placeimg.com/640/480/city
15,http://placeimg.com/640/480/city
15,http://placeimg.com/640/480/city
16,http://placeimg.com/640/480/city
16,http://placeimg.com/640/480/city
16,http://placeimg.com/640/480/city
16,http://placeimg.com/640/480/city
16,http://placeimg.com/640/480/city
16,http://placeimg.com/640/480/city
17,http://placeimg.com/640/480/city
17,http://placeimg.com/640/480/city
17,http://placeimg.com/640/480/city
17,http://placeimg.com/640/480/city
17,http://placeimg.com/640/480/city
17,http://placeimg.com/640/480/city
18,http://placeimg.com/640/480/city
18,http://placeimg.com/640/480/city
18,http://placeimg.com/640/480/city
18,http://placeimg.com/640/480/city
18,http://placeimg.com/640/480/city
18,http://placeimg.com/640/480/city
19,http://placeimg.com/640/480/city
19,http://placeimg.com/640/480/city
19,http://placeimg.com/640/480/city
19,http://placeimg.com/640/480/city
19,http://placeimg.com/640/480/city
19,http://placeimg.com/640/480/city
20,http://placeimg.com/640/480/city
20,http://placeimg.com/640/480/city
20,http://placeimg.com/640/480/city
20,http://placeimg.com/640/480/city
20,http://placeimg.com/640/480/city
20,http://placeimg.com/640/480/city
